INSERT INTO Company (company_id, company_name) VALUES
('COMP01', 'Vertical Pulse'),
('COMP02', 'Granite District'),
('COMP03', 'North Face Collective'),
('COMP04', 'Urban Crux'),
('COMP05', 'Peak Harbor'),
('COMP06', 'Atlas Bloc'),
('COMP07', 'Blue Ridge Climbing Co.'),
('COMP08', 'Summit Loop');

INSERT INTO Styles (style_id, style_name) VALUES
('ST01', 'Slab'),
('ST02', 'Overhang'),
('ST03', 'Comp'),
('ST04', 'Technical'),
('ST05', 'Power'),
('ST06', 'Endurance'),
('ST07', 'Dyno'),
('ST08', 'Balance'),
('ST09', 'Crimpy'),
('ST10', 'Compression');

INSERT INTO Climber (climber_id, first_name, last_name, email, phone, birth_date, account_created_at, privacy_level) VALUES
(1, 'Lina', 'Moreau', 'lina.moreau@example.com', '+33610000001', '1998-04-12', '2023-01-10 09:12:00', 2),
(2, 'Mateo', 'Silva', 'mateo.silva@example.com', '+351910000002', '1995-08-21', '2023-02-14 18:00:00', 1),
(3, 'Aisha', 'Benali', 'aisha.benali@example.com', '+33610000003', '2000-02-03', '2023-03-01 12:30:00', 0),
(4, 'Kenji', 'Sato', 'kenji.sato@example.com', '+819012340004', '1997-07-17', '2023-03-20 16:15:00', 3),
(5, 'Nora', 'Haddad', 'nora.haddad@example.com', '+33610000005', '1999-11-09', '2023-04-05 10:20:00', 1),
(6, 'Lucas', 'Pereira', 'lucas.pereira@example.com', '+551198000006', '1994-05-28', '2023-04-11 08:05:00', 2),
(7, 'Sofia', 'Kowalska', 'sofia.kowalska@example.com', '+48730000007', '1996-09-14', '2023-04-15 14:50:00', 2),
(8, 'Youssef', 'El Amrani', 'youssef.elamrani@example.com', '+212660000008', '1993-01-22', '2023-05-03 17:10:00', 0),
(9, 'Emma', 'Dubois', 'emma.dubois@example.com', '+33610000009', '2001-06-30', '2023-05-09 11:11:00', 3),
(10, 'Ivan', 'Petrov', 'ivan.petrov@example.com', '+359880000010', '1992-10-05', '2023-05-20 19:40:00', 1),
(11, 'Mina', 'Park', 'mina.park@example.com', '+821012340011', '1998-12-19', '2023-06-02 09:45:00', 2),
(12, 'Amir', 'Rahimi', 'amir.rahimi@example.com', '+989120000012', '1997-03-11', '2023-06-10 13:00:00', 1),
(13, 'Chloe', 'Martin', 'chloe.martin@example.com', '+33610000013', '2002-01-08', '2023-06-15 15:05:00', 0),
(14, 'Diego', 'Fernandez', 'diego.fernandez@example.com', '+34650000014', '1995-07-02', '2023-07-01 10:10:00', 3),
(15, 'Fatima', 'Ndiaye', 'fatima.ndiaye@example.com', '+221770000015', '1999-04-26', '2023-07-12 12:40:00', 2),
(16, 'Hugo', 'Lefevre', 'hugo.lefevre@example.com', '+33610000016', '1996-05-16', '2023-07-18 08:25:00', 1),
(17, 'Anya', 'Ivanova', 'anya.ivanova@example.com', '+420770000017', '2001-09-07', '2023-08-03 18:35:00', 2),
(18, 'Ravi', 'Patel', 'ravi.patel@example.com', '+919810000018', '1994-12-01', '2023-08-10 20:00:00', 0),
(19, 'Leila', 'Azizi', 'leila.azizi@example.com', '+33610000019', '1998-02-27', '2023-08-19 09:55:00', 3),
(20, 'Tom', 'Bakker', 'tom.bakker@example.com', '+31610000020', '1993-06-18', '2023-08-25 16:45:00', 1),
(21, 'Sara', 'Costa', 'sara.costa@example.com', '+351930000021', '2000-10-29', '2023-09-01 11:30:00', 2),
(22, 'Omar', 'Khan', 'omar.khan@example.com', '+447700000022', '1997-08-13', '2023-09-14 17:22:00', 0),
(23, 'Zoe', 'Schmidt', 'zoe.schmidt@example.com', '+491520000023', '1996-11-24', '2023-09-20 14:18:00', 3),
(24, 'Elena', 'Popescu', 'elena.popescu@example.com', '+407200000024', '1999-03-15', '2023-10-02 09:00:00', 1),
(25, 'Noah', 'Mensah', 'noah.mensah@example.com', '+233240000025', '1995-01-31', '2023-10-11 12:12:00', 2),
(26, 'Camila', 'Rojas', 'camila.rojas@example.com', '+569900000026', '2001-07-09', '2023-10-20 18:48:00', 0),
(27, 'Yara', 'Saidi', 'yara.saidi@example.com', '+216980000027', '1998-05-23', '2023-11-04 10:07:00', 3),
(28, 'Marek', 'Novak', 'marek.novak@example.com', '+421910000028', '1994-09-03', '2023-11-19 13:33:00', 1),
(29, 'Ines', 'Garcia', 'ines.garcia@example.com', '+346500000029', '2002-02-14', '2023-12-05 08:55:00', 2),
(30, 'Adil', 'Toumi', 'adil.toumi@example.com', '+213550000030', '1997-06-06', '2023-12-14 19:19:00', 0);

INSERT INTO Gym (gym_id, name, address, city, postal_code, country, contact_email, contact_phone, company_id) VALUES
(1, 'Vertical Pulse Bastille', '12 Rue de Lyon', 'Paris', '75012', 'France', 'bastille@verticalpulse.com', '+33140010001', 'COMP01'),
(2, 'Vertical Pulse Confluence', '8 Quai Antoine Riboud', 'Lyon', '69002', 'France', 'confluence@verticalpulse.com', '+33472010002', 'COMP01'),
(3, 'Granite District Mitte', 'Karl-Liebknecht-Strasse 18', 'Berlin', '10178', 'Germany', 'mitte@granitedistrict.com', '+493010020003', 'COMP02'),
(4, 'Granite District Westend', 'Bockenheimer Landstrasse 55', 'Frankfurt', '60325', 'Germany', 'westend@granitedistrict.com', '+496910020004', 'COMP02'),
(5, 'North Face Collective Shoreditch', '45 Bethnal Green Road', 'London', 'E1 6LA', 'United Kingdom', 'shoreditch@nfcclimb.com', '+442070030005', 'COMP03'),
(6, 'Urban Crux Sol', 'Calle de Alcala 120', 'Madrid', '28009', 'Spain', 'sol@urbancrux.com', '+34910040006', 'COMP04'),
(7, 'Peak Harbor Downtown', '210 Pine Street', 'Seattle', '98101', 'United States', 'downtown@peakharbor.com', '+12065550007', 'COMP05'),
(8, 'Peak Harbor Fremont', '3801 Stone Way N', 'Seattle', '98103', 'United States', 'fremont@peakharbor.com', '+12065550008', 'COMP05'),
(9, 'Atlas Bloc Centro', 'Via Torino 21', 'Milan', '20123', 'Italy', 'centro@atlasbloc.com', '+39020060009', 'COMP06'),
(10, 'Blue Ridge Climbing Docklands', '17 Harbour Esplanade', 'Melbourne', '3008', 'Australia', 'docklands@blueridgeclimb.com', '+61370070010', 'COMP07'),
(11, 'Summit Loop Old Port', '33 Rue Saint-Paul', 'Montreal', 'H2Y 1G2', 'Canada', 'oldport@summitloop.com', '+151470080011', 'COMP08'),
(12, 'Summit Loop Plateau', '102 Avenue du Mont-Royal', 'Montreal', 'H2T 2T2', 'Canada', 'plateau@summitloop.com', '+151470080012', 'COMP08');

INSERT INTO Wall (wall_id, name, type, height_meters, gym_id) VALUES
(1, 'Boulder Cave', 'boulder', 4.50, 1),
(2, 'Main Lead Arch', 'lead', 14.00, 1),
(3, 'Slab Gallery', 'boulder', 4.20, 2),
(4, 'Auto Arena', 'auto-belay', 12.50, 2),
(5, 'Moon Zone', 'training board', 3.20, 3),
(6, 'North Face Wall', 'lead', 15.00, 3),
(7, 'Competition Bloc', 'boulder', 4.70, 4),
(8, 'Speed Lane', 'auto-belay', 13.00, 4),
(9, 'East Cave', 'boulder', 4.30, 5),
(10, 'King Line', 'lead', 16.00, 5),
(11, 'Patio Slab', 'boulder', 4.00, 6),
(12, 'Training Loft', 'training board', 3.00, 6),
(13, 'Harbor Bloc', 'boulder', 4.60, 7),
(14, 'Rope Hall', 'lead', 15.50, 7),
(15, 'Wave Wall', 'boulder', 4.40, 8),
(16, 'Auto Bay', 'auto-belay', 11.80, 8),
(17, 'Duomo Face', 'lead', 14.20, 9),
(18, 'Comp Cube', 'boulder', 4.80, 9),
(19, 'Sunset Board', 'training board', 3.10, 10),
(20, 'Ocean Lead', 'lead', 15.80, 10),
(21, 'Old Port Cave', 'boulder', 4.50, 11),
(22, 'River Rope', 'lead', 14.60, 11),
(23, 'Plateau Bloc', 'boulder', 4.70, 12),
(24, 'Summit Autobelay', 'auto-belay', 12.20, 12);

INSERT INTO Route (route_id, name, grade_value, grade_system, color, tag, setter_names, created_on, removed_on, wall_id) VALUES
(1, 'Blue Static', '6A', 'Font', 'Blue', 'Slab', 'Lina Moreau, Hugo Lefevre', '2024-01-10', NULL, 1),
(2, 'Pocket Theory', '6C', 'Font', 'Red', 'Technical', 'Kenji Sato', '2024-02-05', '2024-10-12', 1),
(3, 'Metro Mantle', '6B+', 'Font', 'Yellow', 'Balance', 'Emma Dubois', '2024-03-03', NULL, 1),
(4, 'Riboud Rally', '5C', 'Font', 'Green', 'Kids', 'Chloe Martin', '2024-01-18', NULL, 3),
(5, 'Confluence Flow', '6A+', 'Font', 'Purple', 'Comp style', 'Diego Fernandez', '2024-02-20', NULL, 3),
(6, 'Mirror Volume', '6C+', 'Font', 'Black', 'Compression', 'Sara Costa', '2024-04-01', '2024-11-15', 3),
(7, 'Sky Hook', '6b', 'French', 'Orange', 'Endurance', 'Ravi Patel', '2024-01-12', NULL, 2),
(8, 'Bastille Traverse', '7a', 'French', 'Blue', 'Technical', 'Marek Novak', '2024-03-08', NULL, 2),
(9, 'Velvet Crux', '6c+', 'French', 'Pink', 'Overhang', 'Lucas Pereira', '2024-04-14', '2024-12-10', 2),
(10, 'Auto Pilot', '6a', 'French', 'Green', 'Beginner', 'Tom Bakker', '2024-02-10', NULL, 4),
(11, 'Ribbon Sprint', '6b+', 'French', 'Red', 'Power', 'Zoe Schmidt', '2024-05-05', NULL, 4),
(12, 'Gravity Lesson', 'V4', 'V', 'White', 'Crimpy', 'Mina Park', '2024-01-22', NULL, 5),
(13, 'Berlin Circuit', 'V6', 'V', 'Blue', 'Comp style', 'Amir Rahimi', '2024-03-17', NULL, 5),
(14, 'Mitte Method', '7a+', 'French', 'Yellow', 'Technical', 'Ivan Petrov', '2024-02-11', '2024-09-30', 6),
(15, 'Prussian Arete', '6c', 'French', 'Black', 'Balance', 'Nora Haddad', '2024-04-22', NULL, 6),
(16, 'Westend Press', 'V5', 'V', 'Orange', 'Compression', 'Omar Khan', '2024-01-30', NULL, 7),
(17, 'Bloc Party', 'V3', 'V', 'Purple', 'Dyno', 'Noah Mensah', '2024-05-14', NULL, 7),
(18, 'Fast Track', '6a+', 'French', 'Green', 'Beginner', 'Fatima Ndiaye', '2024-02-07', NULL, 8),
(19, 'Dock Pull', 'V2', 'V', 'Blue', 'Slab', 'Yara Saidi', '2024-01-15', NULL, 9),
(20, 'Shoreditch Swing', 'V7', 'V', 'Red', 'Comp style', 'Elena Popescu', '2024-03-19', NULL, 9),
(21, 'Crown Line', '7b', 'French', 'White', 'Endurance', 'Mateo Silva', '2024-04-09', NULL, 10),
(22, 'Royal Finish', '6c', 'French', 'Yellow', 'Overhang', 'Adil Toumi', '2024-05-21', '2024-12-20', 10),
(23, 'Sol Balance', '5+', 'YDS', 'Green', 'Slab', 'Camila Rojas', '2024-01-08', NULL, 11),
(24, 'Patio Breeze', '5.10a', 'YDS', 'Pink', 'Technical', 'Anya Ivanova', '2024-02-27', NULL, 11),
(25, 'Board Meeting', 'V8', 'V', 'Black', 'Power', 'Leila Azizi', '2024-03-15', NULL, 12),
(26, 'Campus Dreams', 'V5', 'V', 'Orange', 'Crimpy', 'Sofia Kowalska', '2024-04-11', NULL, 12),
(27, 'Harbor Flash', 'V4', 'V', 'Blue', 'Dyno', 'Lucas Pereira', '2024-01-17', NULL, 13),
(28, 'Pier Pressure', 'V6', 'V', 'Red', 'Overhang', 'Kenji Sato', '2024-05-02', NULL, 13),
(29, 'Sea Rope', '6b+', 'French', 'Green', 'Endurance', 'Hugo Lefevre', '2024-02-01', NULL, 14),
(30, 'Anchor Point', '7a', 'French', 'Purple', 'Technical', 'Emma Dubois', '2024-04-18', NULL, 14),
(31, 'Wave Function', 'V3', 'V', 'Yellow', 'Balance', 'Ravi Patel', '2024-01-25', NULL, 15),
(32, 'Fremont Float', 'V5', 'V', 'White', 'Compression', 'Mina Park', '2024-03-29', '2024-11-01', 15),
(33, 'Clip and Go', '6a', 'French', 'Blue', 'Beginner', 'Tom Bakker', '2024-02-12', NULL, 16),
(34, 'Milan Sequence', '6c+', 'French', 'Black', 'Crimpy', 'Amir Rahimi', '2024-01-19', NULL, 17),
(35, 'Duomo Direct', '7a+', 'French', 'Red', 'Overhang', 'Diego Fernandez', '2024-05-10', NULL, 17),
(36, 'Cube Compression', 'V7', 'V', 'Purple', 'Compression', 'Sara Costa', '2024-04-04', NULL, 18),
(37, 'Sunset Rungs', 'V4', 'V', 'Orange', 'Power', 'Marek Novak', '2024-02-23', NULL, 19),
(38, 'Ocean Spray', '6c', 'French', 'Blue', 'Endurance', 'Omar Khan', '2024-03-12', NULL, 20),
(39, 'Port Mantle', 'V2', 'V', 'Green', 'Slab', 'Fatima Ndiaye', '2024-01-11', NULL, 21),
(40, 'Summit Reach', '6b', 'French', 'Yellow', 'Technical', 'Zoe Schmidt', '2024-04-28', NULL, 24);

INSERT INTO Define (route_id, style_id) VALUES
(1, 'ST01'),
(1, 'ST08'),
(2, 'ST04'),
(3, 'ST08'),
(4, 'ST01'),
(5, 'ST03'),
(6, 'ST10'),
(7, 'ST06'),
(8, 'ST04'),
(9, 'ST02'),
(10, 'ST01'),
(11, 'ST05'),
(12, 'ST09'),
(13, 'ST03'),
(14, 'ST04'),
(15, 'ST08'),
(16, 'ST10'),
(17, 'ST07'),
(18, 'ST05'),
(19, 'ST01'),
(20, 'ST03'),
(21, 'ST06'),
(22, 'ST02'),
(23, 'ST01'),
(24, 'ST04'),
(25, 'ST05'),
(26, 'ST09'),
(27, 'ST07'),
(28, 'ST02'),
(29, 'ST06'),
(30, 'ST04'),
(31, 'ST08'),
(32, 'ST10'),
(33, 'ST01'),
(34, 'ST09'),
(35, 'ST02'),
(36, 'ST10'),
(37, 'ST05'),
(38, 'ST06'),
(39, 'ST01'),
(40, 'ST04');

INSERT INTO Session (session_id, date_, notes, climber_id) VALUES
(1, '2024-09-01', 'Evening bouldering session focused on slab movement.', 1),
(2, '2024-09-02', 'Worked on steep problems with long rests.', 2),
(3, '2024-09-03', 'Quick lunch session, mostly technique.', 3),
(4, '2024-09-04', 'Lead session with endurance intervals.', 4),
(5, '2024-09-05', 'Tried new comp problems with friends.', 5),
(6, '2024-09-06', 'Auto-belay mileage session.', 6),
(7, '2024-09-07', 'Board training and finger recruitment.', 7),
(8, '2024-09-08', 'Outdoor prep, lots of overhang.', 8),
(9, '2024-09-09', 'Recovery session with easy climbs.', 9),
(10, '2024-09-10', 'Pushed redpoint burns on long routes.', 10),
(11, '2024-09-11', 'Comp style blocs and coordination.', 11),
(12, '2024-09-12', 'Lead volume and clipping drills.', 12),
(13, '2024-09-13', 'Session after work, moderate intensity.', 13),
(14, '2024-09-14', 'Focused on heel hooks and tension.', 14),
(15, '2024-09-15', 'Technical slab and footwork practice.', 15),
(16, '2024-09-16', 'Steep cave endurance circuits.', 16),
(17, '2024-09-17', 'Campus board warm-up then limit boulders.', 17),
(18, '2024-09-18', 'Climbed with club friends, many attempts.', 18),
(19, '2024-09-19', 'Easy session with note taking on beta.', 19),
(20, '2024-09-20', 'Lead routes before weekend trip.', 20),
(21, '2024-09-21', 'Mixed rope and boulder training.', 21),
(22, '2024-09-22', 'Projecting one hard comp problem.', 22),
(23, '2024-09-23', 'Volume session, good recovery pace.', 23),
(24, '2024-09-24', 'Testing new gym after work.', 24),
(25, '2024-09-25', 'Tried board benchmarks.', 25),
(26, '2024-09-26', 'Long evening session, many top attempts.', 26),
(27, '2024-09-27', 'Technique drills and easy mileage.', 27),
(28, '2024-09-28', 'Power session on short blocs.', 28),
(29, '2024-09-29', 'Lead endurance with partner belay.', 29),
(30, '2024-09-30', 'Last session of the month, fun climbs only.', 30);

INSERT INTO Subscribe (subscribtion_id, type, start_date, end_date, status, climber_id, company_id) VALUES
('SUB001', 'monthly', '2024-09-01', '2024-09-30', 'active', 1, 'COMP01'),
('SUB002', 'annual', '2024-01-01', '2024-12-31', 'active', 2, 'COMP05'),
('SUB003', 'student', '2024-09-01', '2025-08-31', 'active', 3, 'COMP01'),
('SUB004', 'monthly', '2024-08-15', '2024-09-14', 'expired', 4, 'COMP02'),
('SUB005', 'annual', '2024-03-01', '2025-02-28', 'active', 5, 'COMP03'),
('SUB006', 'day pass', '2024-09-06', '2024-09-06', 'expired', 6, 'COMP01'),
('SUB007', 'student', '2024-09-01', '2025-08-31', 'active', 7, 'COMP02'),
('SUB008', 'monthly', '2024-09-01', '2024-09-30', 'active', 8, 'COMP03'),
('SUB009', 'annual', '2024-02-01', '2025-01-31', 'active', 9, 'COMP08'),
('SUB010', 'monthly', '2024-09-01', '2024-09-30', 'active', 10, 'COMP02'),
('SUB011', 'student', '2024-09-01', '2025-08-31', 'active', 11, 'COMP04'),
('SUB012', 'annual', '2024-04-01', '2025-03-31', 'active', 12, 'COMP06'),
('SUB013', 'monthly', '2024-09-01', '2024-09-30', 'active', 13, 'COMP01'),
('SUB014', 'day pass', '2024-09-14', '2024-09-14', 'expired', 14, 'COMP04'),
('SUB015', 'annual', '2024-05-01', '2025-04-30', 'active', 15, 'COMP07'),
('SUB016', 'monthly', '2024-09-01', '2024-09-30', 'active', 16, 'COMP05'),
('SUB017', 'student', '2024-09-01', '2025-08-31', 'active', 17, 'COMP08'),
('SUB018', 'monthly', '2024-08-01', '2024-08-31', 'cancelled', 18, 'COMP06'),
('SUB019', 'annual', '2024-06-01', '2025-05-31', 'active', 19, 'COMP01'),
('SUB020', 'monthly', '2024-09-01', '2024-09-30', 'active', 20, 'COMP05'),
('SUB021', 'student', '2024-09-01', '2025-08-31', 'active', 21, 'COMP03'),
('SUB022', 'annual', '2024-07-01', '2025-06-30', 'active', 22, 'COMP02'),
('SUB023', 'monthly', '2024-09-01', '2024-09-30', 'active', 23, 'COMP08'),
('SUB024', 'annual', '2024-01-15', '2025-01-14', 'suspended', 24, 'COMP07');

INSERT INTO Session_route (session_id, route_id, outcome, attempt_count, note) VALUES
(1, 1, 'topped', 2, 'Needed one try to trust the feet.'),
(1, 3, 'attempted', 4, 'Struggled on the final mantle.'),
(2, 20, 'attempted', 5, 'Big coordination move still inconsistent.'),
(2, 21, 'topped', 3, 'Sent after figuring out heel-toe beta.'),
(3, 4, 'topped', 1, 'Flash on the easy slab.'),
(3, 5, 'attempted', 3, 'Fell from the volume press.'),
(4, 7, 'topped', 2, 'Good clipping rhythm.'),
(4, 8, 'attempted', 4, 'Pumpy through the middle section.'),
(5, 17, 'topped', 2, 'Dynamic finish felt great.'),
(5, 16, 'attempted', 5, 'Close on the compression crux.'),
(6, 10, 'topped', 1, 'Comfortable warm-up route.'),
(6, 11, 'attempted', 3, 'Need stronger lock-off on red holds.'),
(7, 12, 'topped', 2, 'Small edges but controlled.'),
(7, 13, 'attempted', 6, 'Power move off the board is hard.'),
(8, 22, 'attempted', 4, 'Good links, fell near chains.'),
(8, 21, 'topped', 2, 'Solid redpoint after rest.'),
(9, 19, 'topped', 1, 'Easy and smooth recovery climb.'),
(9, 23, 'topped', 2, 'Nice slab warm-up.'),
(10, 29, 'topped', 3, 'Found better clipping stance.'),
(10, 30, 'attempted', 4, 'Need more endurance for the last third.'),
(11, 20, 'attempted', 7, 'Comp move coordination still low percentage.'),
(11, 17, 'topped', 1, 'Flash with a big commitment jump.'),
(12, 34, 'topped', 2, 'Precise feet on the vertical section.'),
(12, 35, 'attempted', 5, 'Overhang exit too burly today.'),
(13, 1, 'topped', 1, 'Easy repeat and confidence boost.'),
(13, 2, 'attempted', 3, 'Pocket move felt tweaky.'),
(14, 28, 'attempted', 6, 'Powerful roof climbing.'),
(14, 27, 'topped', 2, 'Sent after refining toe hook.'),
(15, 39, 'topped', 1, 'Great for precise foot placements.'),
(15, 40, 'attempted', 3, 'Need cleaner movement through the middle.'),
(16, 9, 'attempted', 4, 'Got pumped before the rest jug.'),
(16, 7, 'topped', 2, 'Comfortable on endurance terrain.'),
(17, 25, 'attempted', 5, 'Board benchmark remains a project.'),
(17, 26, 'topped', 3, 'Hit the small crimp accurately.'),
(18, 36, 'attempted', 4, 'Compression sequence is very body-position dependent.'),
(18, 34, 'topped', 2, 'Good precision on the black route.'),
(19, 24, 'topped', 2, 'Noted better left-foot option at mid-height.'),
(19, 23, 'topped', 1, 'Easy warm-up.'),
(20, 21, 'attempted', 4, 'Endurance improving, still one hang too many.'),
(20, 22, 'topped', 3, 'Sent before getting too pumped.'),
(21, 29, 'topped', 2, 'Steady pacing and efficient clipping.'),
(21, 31, 'topped', 1, 'Flash on the yellow balance problem.'),
(22, 20, 'attempted', 8, 'Very close, missing the final coordination catch.'),
(22, 17, 'topped', 2, 'Quick send after a good warm-up.'),
(23, 18, 'topped', 1, 'Perfect for mileage.'),
(23, 10, 'topped', 2, 'Good autobelay rhythm.'),
(24, 39, 'topped', 1, 'Friendly slab style.'),
(24, 40, 'attempted', 4, 'Hardest move is leaving the sidepull.'),
(25, 25, 'attempted', 6, 'Managed all moves separately only.'),
(25, 37, 'topped', 2, 'Fun board-style power problem.'),
(26, 38, 'topped', 3, 'Finally linked the sustained blue line.'),
(26, 36, 'attempted', 5, 'Need more tension on compression move.'),
(27, 33, 'topped', 1, 'Easy autobelay session.'),
(27, 23, 'topped', 2, 'Good technique focus.'),
(28, 32, 'attempted', 4, 'Close but barn-doored off the finish.'),
(28, 31, 'topped', 2, 'Trusted the smear and stood up.'),
(29, 30, 'attempted', 5, 'Crux after the clip remains hard.'),
(29, 29, 'topped', 2, 'Good pacing throughout.'),
(30, 11, 'topped', 2, 'Nice last-session send.'),
(30, 18, 'topped', 1, 'Finished with an easy confidence lap.');
